"TFName","mean_of_gene_mean_abs_TSS_distance","TF_distance_class"
"HSF1",168,"proximal_TF"
"ZNF136",305.5,"proximal_TF"
"TBXT",1423,"proximal_TF"
"ZNF140",2829,"proximal_TF"
"ATF6",3784.5,"proximal_TF"
"E2F1",3838.66666666667,"proximal_TF"
"RFX1",5289.5,"proximal_TF"
"RFX3",5289.5,"proximal_TF"
"RFX5",5289.5,"proximal_TF"
"ZNF547",5346,"proximal_TF"
"E2F7",5539.4,"proximal_TF"
"TP73",9602.28571428571,"proximal_TF"
"SOX12",9781.5,"proximal_TF"
"TBX19",11950,"distal_TF"
"ZNF343",12358.3,"distal_TF"
"ZNF610",13594.18591692,"distal_TF"
"ZBED4",13759.1485407066,"distal_TF"
"ELK1::SREBF2",15894.25,"distal_TF"
"THRA",16454,"distal_TF"
"NR3C1",16463,"distal_TF"
"Pgr",16463,"distal_TF"
"ERF::SREBF2",16906.6666666667,"distal_TF"
"CREB3",17150.2,"distal_TF"
"CREB3L1",18342.25,"distal_TF"
"Pou5f1::Sox2",19159.5,"distal_TF"
"RREB1",19472.875,"distal_TF"
"POU2F1::SOX2",20181,"distal_TF"
"NR3C2",20727.25,"distal_TF"
"Nrf1",21953.4526315789,"distal_TF"
"RFX4",23435.75,"distal_TF"
"ZFP42",23982.6666666667,"distal_TF"
"Ar",24362.75,"distal_TF"
"ZNF707",24471,"distal_TF"
"NR5A1",29074.2,"distal_TF"
"ZNF528",29097,"distal_TF"
"KLF17",29251.0625,"distal_TF"
"FOSB::JUN",30124.2555555556,"distal_TF"
"XBP1",30512.2592592593,"distal_TF"
"POU4F2",30700.8,"distal_TF"
"KLF15",30946.0508952419,"distal_TF"
"Nr2f6",31040.5,"distal_TF"
"Rxra",31528,"distal_TF"
"ZBTB24",31719.6756756757,"distal_TF"
"RXRB",32381.5846153846,"distal_TF"
"KLF13",32390.4727272727,"distal_TF"
"ZNF416",32468.75,"distal_TF"
"KLF3",32605.5980590548,"distal_TF"
"RXRA::VDR",33326,"distal_TF"
"RARA::RXRA",34228.5,"distal_TF"
"PPARA::RXRA",35579,"distal_TF"
"MYBL1",35604.8333333333,"distal_TF"
"RARA::RXRG",35973.05,"distal_TF"
"ZNF684",36884,"distal_TF"
"TP53",38085,"distal_TF"
"ZIC1",38467.4375,"distal_TF"
"ZNF524",38970.0321428571,"distal_TF"
"TEF",41323.4756410256,"distal_TF"
"CUX2",41853.4545454546,"distal_TF"
"Znf423",42333.4852843915,"distal_TF"
"CEBPE",42434.4142857143,"distal_TF"
"ZIC5",42467.4852941177,"distal_TF"
"Zfp961",42988.175,"distal_TF"
"HES2",43033.251266464,"distal_TF"
"E2F8",43268.1333333333,"distal_TF"
"PLAGL2",43622.3094148492,"distal_TF"
"GMEB2",44314.4,"distal_TF"
"CEBPB",44515.0928571429,"distal_TF"
"Gli1",45107.96,"distal_TF"
"ATF7",45210.4705882353,"distal_TF"
"E2F4",45243.5,"distal_TF"
"Mafg",45723.375,"distal_TF"
"RXRG",45772.7875,"distal_TF"
"SP3",45839.1319155334,"distal_TF"
"Hmx2",46302,"distal_TF"
"HEY2",46400.5532835958,"distal_TF"
"NR1I2",46563.2727272727,"distal_TF"
"ZNF16",46572,"distal_TF"
"ZFP14",46652.6086206897,"distal_TF"
"CTCFL",46929.8048534799,"distal_TF"
"Zbtb2",47981.1461538462,"distal_TF"
"RARG",49025.2777777778,"distal_TF"
"MLX",49145.7333333333,"distal_TF"
"ATF3",49182.9333333333,"distal_TF"
"FEZF2",49555.3172492401,"distal_TF"
"HSF2",49761.2,"distal_TF"
"PLAG1",49893.2307692308,"distal_TF"
"ZIC4",50151.7307692308,"distal_TF"
"NFIB",50588.1111111111,"distal_TF"
"Gmeb1",50900.8311965812,"distal_TF"
"YY2",50977.3493761141,"distal_TF"
"ZNF75D",51571.7894736842,"distal_TF"
"ZBTB14",51805.3366666667,"distal_TF"
"ZNF354A",52258.625,"distal_TF"
"PPARD",52378.7714285714,"distal_TF"
"ATF4",52505.2642857143,"distal_TF"
"ZNF682",52705.0882352941,"distal_TF"
"ZNF148",52953.119879518,"distal_TF"
"ZNF320",53273.7692307692,"distal_TF"
"ZNF85",53454.5882352941,"distal_TF"
"Nfe2l2",53532.9507575758,"distal_TF"
"PBX3",53806.7314814815,"distal_TF"
"KLF12",53812.9751139818,"distal_TF"
"ZNF692",54042.3625944317,"distal_TF"
"Plagl1",54344.8555970149,"distal_TF"
"SMAD5",54863.6153846154,"distal_TF"
"Zfx",55009.4985072006,"distal_TF"
"Bach1::Mafk",55020.7833333333,"distal_TF"
"EGR1",55066.5991928975,"distal_TF"
"MAFG::NFE2L1",55158.2638888889,"distal_TF"
"ZNF213",55175.2833333333,"distal_TF"
"ZNF574",55245.2222222222,"distal_TF"
"SP8",55260.422756734,"distal_TF"
"EPAS1",55389.05,"distal_TF"
"CEBPG",55541.2023323615,"distal_TF"
"RARB",55679.6428571429,"distal_TF"
"PATZ1",56035.2510370157,"distal_TF"
"FOXD2",56233.0567375887,"distal_TF"
"HES5",56632.7363636364,"distal_TF"
"ZNF417",57076.0657894737,"distal_TF"
"Six3",57265.25,"distal_TF"
"SP2",57492.6993197279,"distal_TF"
"NFYA",57506.4194444444,"distal_TF"
"USF2",57593.652173913,"distal_TF"
"ELK3",57866.9177993528,"distal_TF"
"TGIF2",57909.25,"distal_TF"
"ZNF677",57961,"distal_TF"
"KLF10",58259.4916666666,"distal_TF"
"IRF5",58875.9,"distal_TF"
"NFIC::TLX1",58890.875,"distal_TF"
"Creb5",58931.8947368421,"distal_TF"
"E2F2",58989.4090909091,"distal_TF"
"Zic2",59312.8428571429,"distal_TF"
"ZNF331",59378.8455882353,"distal_TF"
"KLF7",59538.7853123251,"distal_TF"
"MAF::NFE2",59637.2689393939,"distal_TF"
"DBP",60126.0025510204,"distal_TF"
"ZNF454",60260.9318181818,"distal_TF"
"TFDP1",60425.5817269076,"distal_TF"
"CEBPA",60487.5412244898,"distal_TF"
"HLF",60661.9786324786,"distal_TF"
"KLF2",61097.9915354861,"distal_TF"
"ZNF281",61275.9538221704,"distal_TF"
"CTCF",61633.0375,"distal_TF"
"HEY1",61924.7619047619,"distal_TF"
"EGR4",61942.0056818182,"distal_TF"
"EGR3",62102.8243243243,"distal_TF"
"PBX1",62215.2857142857,"distal_TF"
"Msgn1",62323.6666666667,"distal_TF"
"BHLHE41",62342,"distal_TF"
"SP9",62481.3413814551,"distal_TF"
"RFX2",62489.1666666667,"distal_TF"
"ZFP57",62576.6616402116,"distal_TF"
"TCFL5",62777.2216570168,"distal_TF"
"KLF6",63036.488597779,"distal_TF"
"ZNF740",63081.4577724359,"distal_TF"
"CREM",63174.4,"distal_TF"
"NFIL3",63213.4031531532,"distal_TF"
"KLF4",63381.4323076374,"distal_TF"
"LHX2",63521.1223155929,"distal_TF"
"IRF2",63573.2941176471,"distal_TF"
"TBX21",64016.4285714286,"distal_TF"
"HES7",64195.8,"distal_TF"
"HINFP",64419.4150165016,"distal_TF"
"SP1",64538.0852261606,"distal_TF"
"POU2F2",64674,"distal_TF"
"PAX6",64842,"distal_TF"
"ZNF770",64939.4585624284,"distal_TF"
"ZBTB33",64967.8571428571,"distal_TF"
"Zfp809",65057.6287878788,"distal_TF"
"GLIS2",65059.3333333333,"distal_TF"
"MAFA",65092.65,"distal_TF"
"HOXB13",65163.4301158301,"distal_TF"
"KLF16",65178.1130158731,"distal_TF"
"ZKSCAN3",65302.5,"distal_TF"
"ZNF449",65486.7653508772,"distal_TF"
"EGR2",66083.1890243903,"distal_TF"
"Zic3",66172.550877193,"distal_TF"
"KLF1",66295.7738136334,"distal_TF"
"KLF9",66372.8334183673,"distal_TF"
"HNF4A",66968.7291666667,"distal_TF"
"HNF4G",66968.8541666667,"distal_TF"
"Msx3",67029.1514189514,"distal_TF"
"Ddit3::Cebpa",67185.3787878788,"distal_TF"
"PAX5",67381.841954023,"distal_TF"
"CREB3L4",67672.381602414,"distal_TF"
"TFAP2E",67986.5680900568,"distal_TF"
"IRF8",68004.21875,"distal_TF"
"Gli2",68109.2,"distal_TF"
"NR4A2",68436.3940329218,"distal_TF"
"Ppara",68515.3728902954,"distal_TF"
"IRF4",68540.2307692308,"distal_TF"
"CDX2",68808.0639097744,"distal_TF"
"Smad4",68821.5144444444,"distal_TF"
"TBX15",68887.6489326765,"distal_TF"
"PKNOX1",68974.3,"distal_TF"
"TBX1",69280.7768115942,"distal_TF"
"ZSCAN29",69281.2857142857,"distal_TF"
"PAX1",69530,"distal_TF"
"TFAP2B",70105.7031376809,"distal_TF"
"PRDM9",70399.8265306122,"distal_TF"
"MAZ",70594.5867173692,"distal_TF"
"Lef1",70606.1626984127,"distal_TF"
"ELK1::HOXB13",70719.4,"distal_TF"
"KLF11",70820.4974399494,"distal_TF"
"MYC",70909.9921104536,"distal_TF"
"PAX9",70958.5,"distal_TF"
"ZBTB7B",70971.2258064516,"distal_TF"
"ZBTB7A",70978.225,"distal_TF"
"CUX1",71073.2476190476,"distal_TF"
"Prdm14",71074.6919191919,"distal_TF"
"ZBTB11",71077.3291755508,"distal_TF"
"ZBTB17",71129.7777777778,"distal_TF"
"CEBPD",71294.2923728813,"distal_TF"
"SOHLH2",71345.95,"distal_TF"
"TBX5",71453.122284858,"distal_TF"
"MAF",71572.0476190476,"distal_TF"
"MAX",71732.8748858447,"distal_TF"
"Zic1::Zic2",71779.1856313131,"distal_TF"
"KLF14",71956.2912718718,"distal_TF"
"Tfcp2l1",73106.2678571429,"distal_TF"
"MNT",73217.2102941176,"distal_TF"
"Mlxip",73217.2102941176,"distal_TF"
"VEZF1",73229.7344676207,"distal_TF"
"Creb3l2",73523.4554938272,"distal_TF"
"ETV5::DRGX",73647.6739130435,"distal_TF"
"Six4",73691.6332217262,"distal_TF"
"TAL1::TCF3",74075.975,"distal_TF"
"ZNF184",74184.3630434783,"distal_TF"
"Arnt",74291.1347826087,"distal_TF"
"Pparg::Rxra",74333.3305084746,"distal_TF"
"TFAP2A",74392.5678591067,"distal_TF"
"POU4F1",75001.2777777778,"distal_TF"
"REL",75029.6975961539,"distal_TF"
"Wt1",75213.9664319249,"distal_TF"
"DPRX",75648.775862069,"distal_TF"
"ELK1",75915.9634567901,"distal_TF"
"PAX8",76014.4766666667,"distal_TF"
"Ebf2",76114.4060905895,"distal_TF"
"ZNF418",76204.7894736842,"distal_TF"
"SNAI3",76533.5145382396,"distal_TF"
"Nanog",76575.7990196078,"distal_TF"
"GATA2",76585.162745098,"distal_TF"
"ZNF530",76626.4451388889,"distal_TF"
"FOXE1",76659.2989130435,"distal_TF"
"NR4A1",76692.0858974359,"distal_TF"
"TCF21",76763.467362065,"distal_TF"
"HESX1",76845.0704326079,"distal_TF"
"TFAP2C",77452.9378593825,"distal_TF"
"ZBTB12",77753.8191468254,"distal_TF"
"HOXB2::ELK1",77771.875,"distal_TF"
"ISX",78197.214253704,"distal_TF"
"Nobox",78197.214253704,"distal_TF"
"NEUROG1",78359.6236263736,"distal_TF"
"MAX::MYC",78617.931372549,"distal_TF"
"DUXA",78629.2307692308,"distal_TF"
"HNF1B",78675.9090909091,"distal_TF"
"Sox5",78723.3333333333,"distal_TF"
"GSC2",78885.2871735791,"distal_TF"
"HES6",78989.1333333333,"distal_TF"
"BHLHE23",79007.6825396825,"distal_TF"
"HOXD12::ELK1",79079.3529411765,"distal_TF"
"BHLHE40",79159.975708502,"distal_TF"
"NKX2-2",79298.9364583333,"distal_TF"
"ELF4",79445.1228070176,"distal_TF"
"ZNF93",79495.0151515152,"distal_TF"
"ZNF24",79576.64,"distal_TF"
"SP4",79701.3517684851,"distal_TF"
"IRF9",80091.3333333333,"distal_TF"
"ZBTB7C",80265.237877302,"distal_TF"
"OSR1",80613.7751984127,"distal_TF"
"Npas2",80664.3607142857,"distal_TF"
"LBX2",80749.4588349246,"distal_TF"
"Nkx3-1",80784.9945079695,"distal_TF"
"GRHL2",80808.1852380952,"distal_TF"
"TBX3",80895.2285714286,"distal_TF"
"GBX2",80987.9304591907,"distal_TF"
"HES1",81091.0401098901,"distal_TF"
"POU1F1",81578.2,"distal_TF"
"THRB",81800.2520833333,"distal_TF"
"NFYC",81813.4549707602,"distal_TF"
"FEV",82210.0447688564,"distal_TF"
"ETV2::DRGX",82291.5897435897,"distal_TF"
"EBF3",82405.7828270088,"distal_TF"
"GCM2",82605.9497863248,"distal_TF"
"TRPS1",82622.5760683761,"distal_TF"
"TBX2",82627.8132420091,"distal_TF"
"CLOCK",82705.7544867277,"distal_TF"
"TFE3",83043.68,"distal_TF"
"NKX2-5",83419.4495798319,"distal_TF"
"KLF5",83422.3253834269,"distal_TF"
"SMAD3",83454.8333333333,"distal_TF"
"MYCN",83485.0641304348,"distal_TF"
"NFIA",83668.2148421325,"distal_TF"
"Dlx3",83751.4845238095,"distal_TF"
"POU4F3",83844.3333333333,"distal_TF"
"SP5",84087.119942534,"distal_TF"
"ZNF75A",84122.7777777778,"distal_TF"
"NR2F6",84147.8,"distal_TF"
"USF1",84319.2844827586,"distal_TF"
"Dlx4",84523.6537335911,"distal_TF"
"DLX6",84533.5434486231,"distal_TF"
"ELF1",84621.1557359307,"distal_TF"
"NR2C1",84656.5830103149,"distal_TF"
"ISL2",84752.9282315832,"distal_TF"
"ZNF263",85038.8900306074,"distal_TF"
"GATA6",85102.8935028249,"distal_TF"
"ETV5",85263.8293520687,"distal_TF"
"TCF4",85476.4171190075,"distal_TF"
"TEAD1",85509.1111111111,"distal_TF"
"ZSCAN21",85604.4991319444,"distal_TF"
"Hoxd13",85606.0511627907,"distal_TF"
"MSANTD3",85692.4602564103,"distal_TF"
"GATA5",85704.2428303906,"distal_TF"
"PKNOX2",85884,"distal_TF"
"TGIF1",85884,"distal_TF"
"OLIG2",86019.4916666667,"distal_TF"
"FOXD3",86050.5386904762,"distal_TF"
"BARHL1",86149.5881587301,"distal_TF"
"MEF2C",86204.402173913,"distal_TF"
"HOXD9",86315.411,"distal_TF"
"MITF",86439.8571428571,"distal_TF"
"Nr1h3::Rxra",86454.7419354839,"distal_TF"
"TLX2",86513.6174300144,"distal_TF"
"RAX",86723.4824618364,"distal_TF"
"MAFK",86883.9341666667,"distal_TF"
"Ahr::Arnt",86995.4957414488,"distal_TF"
"TBR1",87298.58,"distal_TF"
"Ikzf3",87329.7783023944,"distal_TF"
"TGIF2LY",87621.3333333333,"distal_TF"
"SHOX",87904.898481569,"distal_TF"
"DUX4",87999.1038961039,"distal_TF"
"SPIB",88106.7901808786,"distal_TF"
"MEIS2",88118.6582042456,"distal_TF"
"POU3F1",88234.5,"distal_TF"
"FOXD1",88316.1466666667,"distal_TF"
"MEIS3",88538.615933712,"distal_TF"
"Irf1",88739.0692708333,"distal_TF"
"ELK4",88833.242281746,"distal_TF"
"TCF3",88890.8664799216,"distal_TF"
"FOXA3",88954.0806010929,"distal_TF"
"CREB1",89267.4270833333,"distal_TF"
"ATOH7",89357.643148688,"distal_TF"
"ELF2",89389.280345912,"distal_TF"
"SOX21",89458,"distal_TF"
"ZNF257",89487.305827848,"distal_TF"
"NFIX",89493.7770137285,"distal_TF"
"SREBF2",89516.6282051282,"distal_TF"
"HOXA1",89691.5263933983,"distal_TF"
"TBP",89724.6559122316,"distal_TF"
"Dmrt1",89841.7666666667,"distal_TF"
"TBX4",90040.4206251706,"distal_TF"
"NFKB1",90078.4307692308,"distal_TF"
"EMX1",90099.6367965368,"distal_TF"
"GATA1::TAL1",90172.2307692308,"distal_TF"
"PAX2",90185.9043478261,"distal_TF"
"MNX1",90203.5886997564,"distal_TF"
"Esrrg",90321.045,"distal_TF"
"NKX2-4",90472.9627040357,"distal_TF"
"ZNF766",90678.60375,"distal_TF"
"Lhx8",90860.1645686901,"distal_TF"
"SMAD2",90867.4035225885,"distal_TF"
"ZBTB26",91117.0696778711,"distal_TF"
"ZBTB6",91159.1282051282,"distal_TF"
"Foxo1",91163.2247474747,"distal_TF"
"MSX1",91302.2463145278,"distal_TF"
"BARX1",91325.0628489327,"distal_TF"
"Mafb",91367.7807017544,"distal_TF"
"SPDEF",91393.4759036145,"distal_TF"
"FOXP1",91435.7512254902,"distal_TF"
"FOXS1",91567.6491935484,"distal_TF"
"ZIM3",91572.7418032787,"distal_TF"
"HIF1A",91688.3946428572,"distal_TF"
"RFX7",91800.1261349206,"distal_TF"
"HOXA10",91895.3286885246,"distal_TF"
"ETV4",91940.0937065972,"distal_TF"
"GCM1",91966.0752136752,"distal_TF"
"MEIS1",92180.1660238386,"distal_TF"
"THAP1",92253.9385115157,"distal_TF"
"FOXK2",92327.37,"distal_TF"
"Nr1h3",92475.249155267,"distal_TF"
"SOX10",92476.6695802005,"distal_TF"
"NFKB2",92575.81875,"distal_TF"
"ERF",92623.4404109589,"distal_TF"
"OLIG1",92673.1413043478,"distal_TF"
"RAX2",92675.3304116518,"distal_TF"
"GSC",92725.876984127,"distal_TF"
"ETV2::HOXB13",92744.6895833333,"distal_TF"
"TCF12",92886.3971342383,"distal_TF"
"NR1I3",92975.5887746512,"distal_TF"
"ZNF354C",92992.6892904137,"distal_TF"
"IRF3",93037.2857142857,"distal_TF"
"ETS1",93594.7171442308,"distal_TF"
"Shox2",93613.4190990528,"distal_TF"
"FOSL2",93627.5835942596,"distal_TF"
"Erg",93652.8000704424,"distal_TF"
"TEAD2",93667.003125,"distal_TF"
"ETV5::FOXI1",93667.1622274143,"distal_TF"
"PITX2",93772.8875968992,"distal_TF"
"ARNT::HIF1A",93849.0823974359,"distal_TF"
"ETV3",93892.6132352941,"distal_TF"
"ETV2::FOXI1",93948.2276804432,"distal_TF"
"Alx4",94052.5714285714,"distal_TF"
"FLI1::DRGX",94111.2083333333,"distal_TF"
"FOXJ2::ELF1",94200.5868658425,"distal_TF"
"EOMES",94229.115,"distal_TF"
"ZKSCAN5",94376.8392651888,"distal_TF"
"PITX1",94685.3261904762,"distal_TF"
"FLI1",94702.0929455446,"distal_TF"
"ALX3",94879.665113905,"distal_TF"
"SIX2",94904.35,"distal_TF"
"Nr2e3",94922.4876923077,"distal_TF"
"OVOL2",94923.5801282051,"distal_TF"
"OTX1",94934.638844086,"distal_TF"
"Nr1H2",95038.1111144458,"distal_TF"
"Nr1H4",95038.1111144458,"distal_TF"
"DRGX",95093.5501056082,"distal_TF"
"MYB",95115.3032899594,"distal_TF"
"DLX1",95304.9044568663,"distal_TF"
"HOXC8",95388.313955306,"distal_TF"
"Hic1",95419.5089773614,"distal_TF"
"ERF::HOXB13",95458.3879084967,"distal_TF"
"ARNT2",95490.7573070608,"distal_TF"
"GATA4",95576.6392857143,"distal_TF"
"Sox11",95684.5799086758,"distal_TF"
"BARHL2",95708.6089432239,"distal_TF"
"Gata3",95731.5336419753,"distal_TF"
"EVX1",95775.4646968228,"distal_TF"
"EN1",96051.0218918509,"distal_TF"
"JDP2",96155.4011494253,"distal_TF"
"Arid5a",96469.1923076923,"distal_TF"
"ETS2",96543.9749365482,"distal_TF"
"TFAP4::ETV1",96555.4479166666,"distal_TF"
"Nkx3-2",96573.1558823529,"distal_TF"
"ETV1",96655.3399252708,"distal_TF"
"RHOXF1",96697.4884703363,"distal_TF"
"TEAD4",96742.9,"distal_TF"
"BSX",96876.9872097599,"distal_TF"
"Foxn1",96944.0740400093,"distal_TF"
"MSX2",97042.9750634423,"distal_TF"
"ONECUT2",97362.619047619,"distal_TF"
"GSX1",97457.2115583847,"distal_TF"
"Hnf1A",97582.3880952381,"distal_TF"
"ONECUT1",97661.33,"distal_TF"
"FOXP4",97671.543715847,"distal_TF"
"HAND2",97685.3578894383,"distal_TF"
"SOX8",97689.2334020146,"distal_TF"
"FOXA1",97731.0847457627,"distal_TF"
"EVX2",97877.0826681307,"distal_TF"
"ONECUT3",97938,"distal_TF"
"NFYB",98128.6447368421,"distal_TF"
"ERF::FOXO1",98158.787359944,"distal_TF"
"Spi1",98270.6431547619,"distal_TF"
"NKX2-8",98417.2579856565,"distal_TF"
"HOXB2",98473.002565727,"distal_TF"
"FOXN3",98567.1,"distal_TF"
"Stat5b",98625.3055555556,"distal_TF"
"OSR2",98651.0125,"distal_TF"
"ZNF701",98761.7857142857,"distal_TF"
"IRF7",98770.7121212121,"distal_TF"
"Hand1::Tcf3",98866.5345238095,"distal_TF"
"POU3F4",98875.1847826087,"distal_TF"
"HOXA7",98896.9987996678,"distal_TF"
"ERF::FOXI1",99024.5448338213,"distal_TF"
"Foxf1",99055.8288461538,"distal_TF"
"CDX4",99096.0080357143,"distal_TF"
"NR2F2",99103.4398809524,"distal_TF"
"HOXA6",99126.533558146,"distal_TF"
"FIGLA",99132.1498805691,"distal_TF"
"HOXC11",99168.4285714286,"distal_TF"
"Stat4",99205.0470846026,"distal_TF"
"HOXC4",99208.233415379,"distal_TF"
"HNF1A",99314.6650154799,"distal_TF"
"NR2C2",99333.9896862778,"distal_TF"
"PRRX1",99379.6753216822,"distal_TF"
"E2F6",99411.1095143362,"distal_TF"
"FOXC2",99532.900689223,"distal_TF"
"Atf1",99609.3557823129,"distal_TF"
"SOX14",99716.3636363636,"distal_TF"
"RELB",99804.6241036415,"distal_TF"
"Foxj2",99876.35,"distal_TF"
"GABPA",99988.2647980711,"distal_TF"
"HIC2",100005.740131023,"distal_TF"
"MIXL1",100083.460118927,"distal_TF"
"ESR1",100126,"distal_TF"
"UNCX",100303.758572568,"distal_TF"
"ETV2",100346.478909465,"distal_TF"
"MGA",100410.272486772,"distal_TF"
"MXI1",100575.215255035,"distal_TF"
"FOXO1::ELK1",100656.906181319,"distal_TF"
"Hmga1",101172.911854103,"distal_TF"
"RELA",101257.524305556,"distal_TF"
"IKZF2",101299.765669618,"distal_TF"
"PDX1",101353.046636787,"distal_TF"
"NKX6-2",101529.220644872,"distal_TF"
"BACH2",101648.108333333,"distal_TF"
"Nr2e1",101860.830405405,"distal_TF"
"PGR",101866.864864865,"distal_TF"
"Arid3b",101918.001841418,"distal_TF"
"HOXA9",101967.359693062,"distal_TF"
"ZNF768",102070.480985915,"distal_TF"
"MZF1",102131.254728836,"distal_TF"
"SIX1",102151.505031447,"distal_TF"
"Dux",102215.625,"distal_TF"
"NR2F1",102381.502173913,"distal_TF"
"HOXD4",102431.19278562,"distal_TF"
"INSM1",102438.051754386,"distal_TF"
"STAT1",102446.232783883,"distal_TF"
"PITX3",102494.541862899,"distal_TF"
"Crx",102683.676065163,"distal_TF"
"FOSL1::JUN",102721.562063492,"distal_TF"
"STAT1::STAT2",102756.579787234,"distal_TF"
"ZNF175",102832.52447516,"distal_TF"
"HOXA2",102991.323718874,"distal_TF"
"STAT3",103043.846744672,"distal_TF"
"TFEB",103129.379839033,"distal_TF"
"ZNF708",103153.932142857,"distal_TF"
"HOXB4",103274.216883262,"distal_TF"
"FOXK1",103282.762770563,"distal_TF"
"HOXD12",103345.214285714,"distal_TF"
"Zfp335",103390.174881861,"distal_TF"
"EHF",103415.590190934,"distal_TF"
"TGIF2LX",103430.033333333,"distal_TF"
"ASCL1",103451.112857816,"distal_TF"
"NFATC4",103733.85019685,"distal_TF"
"TBX18",103739.026126126,"distal_TF"
"DMRTA1",103814.358603175,"distal_TF"
"TEAD3",103849.411793502,"distal_TF"
"OTX2",103973.559139785,"distal_TF"
"ETV6",103984.143480602,"distal_TF"
"HOXC13",104002.4,"distal_TF"
"Stat2",104053.059375,"distal_TF"
"GSX2",104075.477137498,"distal_TF"
"HOXB5",104269.056081081,"distal_TF"
"ELF3",104383.620747423,"distal_TF"
"SOX9",104492.589259259,"distal_TF"
"NFATC3",104510.634203801,"distal_TF"
"MLXIPL",104596.223855311,"distal_TF"
"HOXB6",104665.160585533,"distal_TF"
"NKX2-3",104679.669843597,"distal_TF"
"SOX15",104738.345610383,"distal_TF"
"Nfatc1",104854.320368124,"distal_TF"
"FOXO1::ELF1",105002.605790043,"distal_TF"
"FOSL2::JUNB",105004.323744292,"distal_TF"
"SOX18",105117.124600866,"distal_TF"
"Hoxa13",105135.502279635,"distal_TF"
"POU6F1",105236.864959217,"distal_TF"
"DMRTA2",105310.062439459,"distal_TF"
"Prdm5",105368.25,"distal_TF"
"FOSL1::JUND",105563.724193107,"distal_TF"
"MEF2D",105825.984848485,"distal_TF"
"HOXB3",105864.382278426,"distal_TF"
"IKZF1",106006.661319831,"distal_TF"
"OLIG3",106092.376010101,"distal_TF"
"Yy1",106339.921276596,"distal_TF"
"ZEB1",106344.238681686,"distal_TF"
"Dmbx1",106405.388888889,"distal_TF"
"SNAI1",106461.498909663,"distal_TF"
"ZNF460",106507.214285714,"distal_TF"
"HOXB7",106525.970093795,"distal_TF"
"Lhx4",106581.43772235,"distal_TF"
"Foxo3",106766.784490741,"distal_TF"
"MEF2A",106893.340277778,"distal_TF"
"NFIC",106919.617424242,"distal_TF"
"FOXL1",106940.006154225,"distal_TF"
"NEUROG2",107194.912941634,"distal_TF"
"Stat5a",107274.901785714,"distal_TF"
"ETV7",107403.775842612,"distal_TF"
"BATF3",107420.739365079,"distal_TF"
"BATF::JUN",107420.751587302,"distal_TF"
"FOXA2",107422.877083333,"distal_TF"
"DMRT3",107423.048076923,"distal_TF"
"TCF7",107483.531605223,"distal_TF"
"OVOL1",107487,"distal_TF"
"JUND",107489.894157485,"distal_TF"
"GFI1",107531.686842105,"distal_TF"
"FOXF2",107639.833333333,"distal_TF"
"VAX2",107756.206504609,"distal_TF"
"mix-a",107946.954081633,"distal_TF"
"BHLHA15",108145.870689655,"distal_TF"
"BNC2",108203.772039897,"distal_TF"
"FOXH1",108218.90445269,"distal_TF"
"RBPJ",108295.710444171,"distal_TF"
"NOTO",108443.892926388,"distal_TF"
"EMX2",108491.427161427,"distal_TF"
"EWSR1-FLI1",108956.333333333,"distal_TF"
"NRL",109095.543209877,"distal_TF"
"Arntl",109330.316115702,"distal_TF"
"JUN::JUNB",109411.425817701,"distal_TF"
"FERD3L",109440.54,"distal_TF"
"Hmx1",109524.777777778,"distal_TF"
"DMRTC2",109609.5,"distal_TF"
"MEF2B",109686.533333333,"distal_TF"
"FOXB1",109895.196825397,"distal_TF"
"SPIC",109941.347777778,"distal_TF"
"Elf5",109996.844234183,"distal_TF"
"GLI3",110472.5,"distal_TF"
"FOXC1",110663.197930206,"distal_TF"
"TWIST1",110829.136734478,"distal_TF"
"CDX1",110919.557142857,"distal_TF"
"Sox1",110983,"distal_TF"
"ETV5::FOXO1",111016.33521571,"distal_TF"
"RORC",111022.50462963,"distal_TF"
"FOSL1::JUNB",111140.908706468,"distal_TF"
"Neurod2",111216.451591424,"distal_TF"
"HOXB1",111257.18956167,"distal_TF"
"TFAP4",111343.122953401,"distal_TF"
"GATA1",111535.65625,"distal_TF"
"Foxq1",111549.488888889,"distal_TF"
"SCRT1",111578.893333333,"distal_TF"
"SNAI2",111589.924616626,"distal_TF"
"ZNF274",111647.5,"distal_TF"
"Gfi1B",111700.032172149,"distal_TF"
"ARGFX",111942.19,"distal_TF"
"SCRT2",111961.596774194,"distal_TF"
"Dlx2",112072.8,"distal_TF"
"Dlx5",112072.8,"distal_TF"
"BATF",112113.385745207,"distal_TF"
"FOXP3",112166.963140295,"distal_TF"
"JUNB",112435.002688172,"distal_TF"
"Isl1",112577.226190476,"distal_TF"
"FOS::JUND",112691.995634921,"distal_TF"
"ZBED2",112734.722891566,"distal_TF"
"RORA",113019.525,"distal_TF"
"ZNF549",113139.031243668,"distal_TF"
"FOXO1::ELK3",113206.271361502,"distal_TF"
"FOS::JUN",113414.795684524,"distal_TF"
"Atf3",113533.252321429,"distal_TF"
"FOS",113585.143073741,"distal_TF"
"ETV5::HOXA2",114021.385294118,"distal_TF"
"FOSL2::JUN",114091.793797766,"distal_TF"
"SOX4",114205.755390476,"distal_TF"
"NFE2",114277.55,"distal_TF"
"TBX20",114336,"distal_TF"
"FOS::JUNB",114458.648655914,"distal_TF"
"FOXI1",114794.238421053,"distal_TF"
"MEOX2",114834.459618363,"distal_TF"
"FLI1::FOXI1",115091.097157623,"distal_TF"
"VAX1",115494.66903259,"distal_TF"
"FOSL2::JUND",115685.893192918,"distal_TF"
"ZNF189",115925.243386243,"distal_TF"
"MYOD1",116123.71031746,"distal_TF"
"ZNF384",116322.573882472,"distal_TF"
"SOX2",116360.312719298,"distal_TF"
"Jun",116652.943326118,"distal_TF"
"BHLHE22",116678.347288519,"distal_TF"
"NR6A1",117021.166666667,"distal_TF"
"VENTX",117032.80180776,"distal_TF"
"FOXO6",117218.825268817,"distal_TF"
"FOXO1::FLI1",117223.119402985,"distal_TF"
"FOSB::JUNB",117261.050854701,"distal_TF"
"BARX2",117419.626433442,"distal_TF"
"Ebf4",117508.481867058,"distal_TF"
"RUNX2",117548.385940546,"distal_TF"
"Atoh1",117763.715181119,"distal_TF"
"POU3F3",117908.125,"distal_TF"
"Hmx3",118228.1875,"distal_TF"
"PHOX2A",118333.217261905,"distal_TF"
"JUN",118471.910714286,"distal_TF"
"HOXA4",118511.8279782,"distal_TF"
"EBF1",118633.160835223,"distal_TF"
"BACH1",118952.964689266,"distal_TF"
"FOXP2",119033.141666667,"distal_TF"
"PAX4",119105.467857143,"distal_TF"
"HOXD8",119550.846485371,"distal_TF"
"HOXC12",119918.52173913,"distal_TF"
"HOXB8",120003.726819066,"distal_TF"
"NKX6-1",120024.901823941,"distal_TF"
"ZNF652",120273.714285714,"distal_TF"
"LHX5",120490.902123234,"distal_TF"
"ESX1",120502.169067242,"distal_TF"
"FOXO4",120719.275824176,"distal_TF"
"FOXG1",120941.75,"distal_TF"
"HOXC10",121170.21494709,"distal_TF"
"ZBED1",121612,"distal_TF"
"FOSL1",121717.378654971,"distal_TF"
"NEUROD1",122172.462042788,"distal_TF"
"Vdr",122210.113095238,"distal_TF"
"LIN54",122702.279421769,"distal_TF"
"TCF7L2",123245.031785714,"distal_TF"
"Runx1",123369.86297043,"distal_TF"
"Olig2",123443.883887521,"distal_TF"
"Tcf12",123443.883887521,"distal_TF"
"Twist2",123443.883887521,"distal_TF"
"LMX1B",123505.395833333,"distal_TF"
"HOXD11",123825.018518519,"distal_TF"
"POU3F2",123969.538461538,"distal_TF"
"Ptf1A",124257.510307525,"distal_TF"
"POU2F1",124325.008333333,"distal_TF"
"PRDM1",125007.24137931,"distal_TF"
"EN2",125135.496928571,"distal_TF"
"HOXA3",125194.413731854,"distal_TF"
"Nfatc2",125710.448596491,"distal_TF"
"MGA::EVX1",125753.056818182,"distal_TF"
"Alx1",126464.783333333,"distal_TF"
"RUNX3",127029.501360544,"distal_TF"
"MEOX1",127288.783118218,"distal_TF"
"Rarb",127429,"distal_TF"
"Foxj3",127514.078947368,"distal_TF"
"ZNF35",127565.5,"distal_TF"
"ATF2",127779.015625,"distal_TF"
"SREBF1",127826.461748634,"distal_TF"
"SOX13",128404.412083333,"distal_TF"
"VSX2",128723.476605956,"distal_TF"
"Rhox11",128809.279605263,"distal_TF"
"Sox3",129149.806967213,"distal_TF"
"VSX1",129598.604737806,"distal_TF"
"PBX2",130146.625,"distal_TF"
"POU2F3",130373.333333333,"distal_TF"
"Foxl2",130559.081770833,"distal_TF"
"GBX1",130599.377926587,"distal_TF"
"MAFF",130971.266666667,"distal_TF"
"LBX1",131858.985119048,"distal_TF"
"TFCP2",132738.542342342,"distal_TF"
"Stat5a::Stat5b",133129.207621471,"distal_TF"
"BCL11A",133368.164922481,"distal_TF"
"LHX9",133520.322277841,"distal_TF"
"Mecom",133660.6,"distal_TF"
"POU5F1B",133753.352678571,"distal_TF"
"Nfat5",133778.773376623,"distal_TF"
"ZNF341",134189.358928571,"distal_TF"
"IRF6",134342.227272727,"distal_TF"
"RORB",135407.97051282,"distal_TF"
"Sox6",135457.526829268,"distal_TF"
"ERF::FIGLA",135472.213414634,"distal_TF"
"ZNF784",135819.374183007,"distal_TF"
"Hand1",135832.897435897,"distal_TF"
"NHLH1",136187.022649573,"distal_TF"
"SRY",136295.766847826,"distal_TF"
"Stat6",136407.121428571,"distal_TF"
"HMBOX1",136949.645960779,"distal_TF"
"Lhx3",137675.845238095,"distal_TF"
"NKX6-3",137902.491409266,"distal_TF"
"Bcl11B",139130.958092404,"distal_TF"
"Arid3a",139758.394324474,"distal_TF"
"MYOG",140372.151226551,"distal_TF"
"ZBTB32",141777.294117647,"distal_TF"
"ZNF135",142027.75,"distal_TF"
"ETV2::FIGLA",142134.59,"distal_TF"
"Prdm4",142242.083333333,"distal_TF"
"PRRX2",142467.043379282,"distal_TF"
"ZBTB18",144448.19,"distal_TF"
"Bhlha15",144605.485918367,"distal_TF"
"LHX6",144706.82997449,"distal_TF"
"Ascl2",145523.676836158,"distal_TF"
"Sox17",146160.833333333,"distal_TF"
"Npas4",147190.778571429,"distal_TF"
"ZNF317",147319.643442623,"distal_TF"
"ETV5::FIGLA",147325.041666667,"distal_TF"
"SATB1",147361.946666667,"distal_TF"
"LMX1A",149888.829861111,"distal_TF"
"Spz1",150471.39,"distal_TF"
"TCF7L1",150583.333333333,"distal_TF"
"ZNF680",150937.974358974,"distal_TF"
"HOXA5",151957.826578073,"distal_TF"
"PAX3",154388.995098039,"distal_TF"
"BCL6",154855,"distal_TF"
"MYF5",155047.103225806,"distal_TF"
"HOXD10",155883.15,"distal_TF"
"Rfx6",156836.203333333,"distal_TF"
"TFEC",156992.15556992,"distal_TF"
"HOXD3",157634.921935157,"distal_TF"
"GRHL1",160299,"distal_TF"
"ESRRA",160499.5625,"distal_TF"
"Nkx2-1",162750.979032258,"distal_TF"
"Tbx6",163912.813131313,"distal_TF"
"MSC",164256.153153153,"distal_TF"
"Sox7",164345.555555556,"distal_TF"
"NR1H4::RXRA",165547,"distal_TF"
"ZNF675",165668.333333333,"distal_TF"
"ESR2",166507.635416667,"distal_TF"
"PROX1",170625,"distal_TF"
"POU6F2",171999.306413994,"distal_TF"
"ZNF76",172960.833333333,"distal_TF"
"ZNF214",175179.4,"distal_TF"
"Lhx1",175546.968253968,"distal_TF"
"HSF4",176933,"distal_TF"
"Hoxa11",180127.391025641,"distal_TF"
"ZNF667",182108.1,"distal_TF"
"HOXB9",183994.842105263,"distal_TF"
"POU5F1",184892.903846154,"distal_TF"
"PHOX2B",186756,"distal_TF"
"MYF6",188662.293103448,"distal_TF"
"HOXC9",192047.722222222,"distal_TF"
"PROP1",200575,"distal_TF"
"TFAP4::FLI1",201062.75,"distal_TF"
"ESRRB",205161.5,"distal_TF"
"Nr2F6",208085.333333333,"distal_TF"
"Nr5A2",208916.52173913,"distal_TF"
"ZNF816",209555.375,"distal_TF"
"NHLH2",210502.2,"distal_TF"
"ZKSCAN1",211431.384615385,"distal_TF"
"ZNF143",216168.666666667,"distal_TF"
"Arx",217433.5,"distal_TF"
"REST",218302,"distal_TF"
"Pax7",221979.156862745,"distal_TF"
"Tcf21",222215.333333333,"distal_TF"
"RARA",227130.5,"distal_TF"
"Prdm15",236594.34375,"distal_TF"
"NR1D1",240045.6,"distal_TF"
"Thap11",243523,"distal_TF"
"ELK1::HOXA1",248581.5,"distal_TF"
"NR1D2",249312.2,"distal_TF"
"NR4A2::RXRA",262588.888888889,"distal_TF"
"ZNF324",263706.555555556,"distal_TF"
"ZNF211",266046.5,"distal_TF"
"Rarg",326834,"distal_TF"
"ZSCAN31",329344,"distal_TF"
"ERF::NHLH1",550752.666666667,"distal_TF"
"ZNF282",577760,"distal_TF"
